{
  "name": "RTU Maintenance Records - RESTful Service",
  "version": "0.1.0",
  "description": "RESTful Web Service for RMR System",
  "title": "RESTful Web Service for RMR System",
  "url" : "http://localhost/rmr/build/src/api",
  "sampleUrl" : "http://localhost/rmr/build/src/api",
   "header": {
    "title": "RTU Maintenance Records - API",
    "filename": "./header.html"
  },
  "footer": {
    "title": "แหล่งข้อมูลอ้างอิง",
    "filename": "./footer.html"
  },
  "order": []
}